model,auroc,auprc,f1,sensitivity,specificity
LogisticRegression,0.8461056658838001,0.5005151211190914,0.4079147640791476,0.7486033519553073,0.8143550998381004
XGBoost,0.9157247646124208,0.6547843187681318,0.535752401280683,0.7011173184357542,0.9114948731786292
